order_id,customer_id,shop_id,product_id,order_date,quantity,unit_price,discount_percent,total_amount,payment_method,order_status,delivery_date
1,62,5,1,2025-02-25,6,12922.06,10,69779.12,UPI,Returned,2025-03-02
2,30,6,19,2023-11-15,2,11216.84,10,20190.31,Debit Card,Delivered,2023-11-25
3,36,1,18,2023-01-02,1,264.97,10,238.47,Debit Card,Shipped,
4,82,14,14,2024-01-22,4,4312.17,0,17248.68,Cash on Delivery,Cancelled,
5,37,8,40,2024-09-16,4,18877.96,25,56633.88,UPI,Delivered,2024-09-18
6,111,8,55,2023-07-25,1,25977.59,0,25977.59,Cash on Delivery,Delivered,2023-07-28
7,81,11,5,2025-01-01,1,60489.52,0,60489.52,Credit Card,Delivered,2025-01-07
8,32,2,10,2024-07-27,5,42858.29,20,171433.16,Cash on Delivery,Shipped,
9,29,13,6,2024-01-30,5,27706.06,20,110824.24,UPI,Delivered,2024-02-08
10,111,10,57,2025-11-09,4,20127.11,10,72457.6,Cash on Delivery,Delivered,2025-11-11
11,95,2,38,2024-08-18,2,180.44,5,342.84,Debit Card,Delivered,2024-08-21
12,31,3,58,2025-05-11,5,39586.19,0,197930.95,Net Banking,Delivered,2025-05-19
13,89,10,16,2024-07-09,4,33625.23,10,121050.83,Wallet,Delivered,2024-07-15
14,37,12,52,2023-01-23,4,35663.87,0,142655.48,UPI,Shipped,
15,101,13,41,2025-08-14,6,2801.69,5,15969.63,Debit Card,Delivered,2025-08-24
16,83,3,34,2023-02-17,3,26050.48,0,78151.44,UPI,Delivered,2023-02-21
17,77,12,32,2024-02-28,5,25348.27,10,114067.22,Wallet,Delivered,2024-03-08
18,39,12,42,2024-02-13,4,4009.82,10,14435.35,Net Banking,Delivered,2024-02-22
19,11,10,13,2025-03-29,1,47761.28,20,38209.02,Cash on Delivery,Processing,
20,33,1,44,2024-01-27,1,23729.79,5,22543.3,Wallet,Returned,2024-01-29
21,106,5,8,2023-03-15,5,26953.53,0,134767.65,Debit Card,Processing,
22,61,9,47,2023-09-22,6,34894.66,25,157025.97,Debit Card,Cancelled,
23,75,7,39,2024-12-20,6,41225.19,25,185513.36,UPI,Returned,2024-12-29
24,53,6,32,2023-04-24,3,25348.27,0,76044.81,UPI,Cancelled,
25,53,12,13,2024-09-29,4,47761.28,10,171940.61,Net Banking,Shipped,
26,105,13,38,2025-04-08,5,180.44,0,902.2,UPI,Delivered,2025-04-15
27,42,2,42,2023-05-27,4,4009.82,0,16039.28,Cash on Delivery,Shipped,
28,60,7,7,2024-01-21,1,39318.4,5,37352.48,Wallet,Delivered,2024-01-30
29,57,13,53,2024-01-06,1,15714.98,5,14929.23,UPI,Delivered,2024-01-10
30,57,15,13,2024-12-04,6,47761.28,25,214925.76,Wallet,Delivered,2024-12-09
31,21,5,38,2025-06-28,5,180.44,0,902.2,Debit Card,Delivered,2025-07-01
32,108,15,50,2025-01-19,1,30194.95,25,22646.21,Net Banking,Returned,2025-01-23
33,120,12,37,2025-12-09,3,24240.02,10,65448.05,Net Banking,Delivered,2025-12-18
34,32,8,13,2024-06-07,5,47761.28,0,238806.4,Wallet,Delivered,2024-06-17
35,113,3,34,2023-07-19,1,26050.48,10,23445.43,Net Banking,Processing,
36,44,15,16,2023-05-28,5,33625.23,10,151313.54,UPI,Cancelled,
37,93,5,57,2025-02-23,5,20127.11,25,75476.66,Net Banking,Cancelled,
38,69,8,13,2025-10-30,3,47761.28,15,121791.26,Net Banking,Delivered,2025-11-09
39,59,15,42,2023-02-10,3,4009.82,5,11427.99,Cash on Delivery,Returned,2023-02-15
40,50,4,55,2023-08-09,4,25977.59,0,103910.36,Wallet,Delivered,2023-08-18
41,117,13,18,2025-05-16,4,264.97,20,847.9,Net Banking,Returned,2025-05-20
42,5,3,31,2025-08-27,5,39924.36,15,169678.53,Net Banking,Cancelled,
43,13,9,48,2023-12-12,4,24506.72,0,98026.88,Net Banking,Processing,
44,112,11,60,2023-12-06,2,11299.55,0,22599.1,UPI,Delivered,2023-12-12
45,80,12,6,2024-03-12,4,27706.06,0,110824.24,Wallet,Cancelled,
46,110,9,27,2025-06-11,4,11753.96,15,39963.46,Net Banking,Shipped,
47,112,9,9,2024-06-02,1,11434.78,0,11434.78,Debit Card,Delivered,2024-06-08
48,96,2,28,2023-02-10,4,495.29,0,1981.16,Wallet,Processing,
49,112,2,2,2024-12-09,4,18777.39,0,75109.56,Credit Card,Shipped,
50,6,6,27,2023-11-10,1,11753.96,10,10578.56,Debit Card,Delivered,2023-11-18
51,32,9,29,2025-08-02,4,40647.92,0,162591.68,Cash on Delivery,Delivered,2025-08-05
52,112,7,37,2023-02-22,5,24240.02,5,115140.1,Debit Card,Delivered,2023-02-26
53,60,11,26,2024-12-19,3,35042.79,25,78846.28,Net Banking,Delivered,2024-12-21
54,116,5,18,2023-10-27,6,264.97,0,1589.82,Cash on Delivery,Delivered,2023-11-03
55,39,11,28,2025-05-25,4,495.29,10,1783.04,Debit Card,Delivered,2025-05-31
56,50,14,6,2024-04-23,4,27706.06,0,110824.24,Cash on Delivery,Delivered,2024-04-30
57,38,12,34,2024-03-14,3,26050.48,0,78151.44,UPI,Returned,2024-03-22
58,2,10,2,2024-04-26,6,18777.39,0,112664.34,Wallet,Cancelled,
59,64,14,34,2025-11-13,3,26050.48,5,74243.87,UPI,Shipped,
60,29,11,50,2024-01-07,2,30194.95,10,54350.91,Wallet,Shipped,
61,99,11,52,2023-07-24,6,35663.87,0,213983.22,Wallet,Shipped,
62,83,1,26,2025-01-27,3,35042.79,25,78846.28,Wallet,Delivered,2025-02-03
63,17,2,43,2024-02-07,3,7504.22,15,19135.76,Debit Card,Processing,
64,26,3,43,2025-05-23,5,7504.22,15,31892.94,Debit Card,Delivered,2025-05-29
65,33,15,3,2023-10-20,4,51395.53,10,185023.91,UPI,Processing,
66,103,2,35,2023-04-01,4,41420.39,0,165681.56,Wallet,Delivered,2023-04-06
67,93,11,19,2024-04-09,4,11216.84,15,38137.26,Credit Card,Delivered,2024-04-17
68,34,9,2,2024-04-16,1,18777.39,25,14083.04,Cash on Delivery,Delivered,2024-04-22
69,49,14,36,2025-12-25,6,60733.89,15,309742.84,Net Banking,Delivered,2025-12-30
70,4,10,26,2023-07-17,5,35042.79,15,148931.86,Debit Card,Cancelled,
71,83,2,33,2023-11-18,6,44012.39,25,198055.75,UPI,Cancelled,
72,84,7,35,2023-04-23,1,41420.39,0,41420.39,UPI,Delivered,2023-04-25
73,64,2,56,2023-12-26,1,55231.24,5,52469.68,Debit Card,Cancelled,
74,50,8,5,2023-11-20,3,60489.52,20,145174.85,Net Banking,Delivered,2023-11-24
75,84,2,49,2024-05-03,4,15405.38,20,49297.22,Credit Card,Returned,2024-05-09
76,89,6,28,2025-02-24,2,495.29,25,742.94,UPI,Delivered,2025-03-01
77,13,11,5,2023-07-02,3,60489.52,15,154248.28,Debit Card,Delivered,2023-07-08
78,16,14,12,2024-05-01,4,8359.3,0,33437.2,Wallet,Shipped,
79,82,10,12,2024-05-04,1,8359.3,0,8359.3,Debit Card,Processing,
80,17,13,26,2025-03-06,5,35042.79,5,166453.25,Debit Card,Delivered,2025-03-16
81,76,4,4,2025-09-25,2,17926.37,15,30474.83,Cash on Delivery,Processing,
82,1,5,27,2024-11-04,2,11753.96,0,23507.92,Credit Card,Delivered,2024-11-08
83,85,14,46,2024-04-21,1,28720.74,0,28720.74,Cash on Delivery,Delivered,2024-04-26
84,42,1,57,2024-12-01,2,20127.11,10,36228.8,Cash on Delivery,Delivered,2024-12-09
85,15,12,30,2025-05-16,1,31859.77,25,23894.83,Cash on Delivery,Delivered,2025-05-23
86,76,2,39,2023-03-04,4,41225.19,5,156655.72,Wallet,Returned,2023-03-06
87,101,15,41,2025-01-04,6,2801.69,10,15129.13,Credit Card,Delivered,2025-01-06
88,62,14,39,2024-03-20,4,41225.19,20,131920.61,Net Banking,Shipped,
89,92,15,30,2024-07-15,4,31859.77,0,127439.08,UPI,Cancelled,
90,78,3,11,2025-04-01,1,18237.23,0,18237.23,Wallet,Delivered,2025-04-11
91,42,7,5,2023-06-25,5,60489.52,10,272202.84,Credit Card,Delivered,2023-07-03
92,102,12,30,2023-02-04,1,31859.77,5,30266.78,Net Banking,Delivered,2023-02-09
93,44,14,13,2025-07-18,4,47761.28,20,152836.1,UPI,Delivered,2025-07-21
94,55,6,48,2025-01-12,6,24506.72,10,132336.29,Wallet,Delivered,2025-01-16
95,119,8,7,2024-04-24,1,39318.4,0,39318.4,Credit Card,Cancelled,
96,56,2,9,2023-05-19,6,11434.78,15,58317.38,Cash on Delivery,Processing,
97,8,10,24,2023-09-16,5,9222.15,15,39194.14,Net Banking,Shipped,
98,46,14,22,2024-12-07,6,13593.32,20,65247.94,Wallet,Cancelled,
99,7,5,38,2024-02-01,5,180.44,10,811.98,Debit Card,Delivered,2024-02-11
100,20,11,37,2025-11-05,4,24240.02,5,92112.08,UPI,Cancelled,
101,109,9,50,2023-02-05,3,30194.95,0,90584.85,Cash on Delivery,Processing,
102,29,13,46,2023-06-18,4,28720.74,0,114882.96,Wallet,Shipped,
103,107,12,48,2024-05-07,3,24506.72,0,73520.16,UPI,Delivered,2024-05-13
104,45,1,57,2024-02-11,2,20127.11,0,40254.22,Credit Card,Delivered,2024-02-19
105,19,12,36,2024-05-01,6,60733.89,0,364403.34,Debit Card,Delivered,2024-05-11
106,49,7,55,2023-03-26,4,25977.59,15,88323.81,Wallet,Delivered,2023-04-01
107,42,13,13,2023-05-31,5,47761.28,0,238806.4,Debit Card,Cancelled,
108,21,13,54,2024-02-06,5,2354.83,0,11774.15,UPI,Shipped,
109,57,11,18,2023-12-11,4,264.97,25,794.91,Net Banking,Shipped,
110,35,4,56,2023-11-02,5,55231.24,0,276156.2,UPI,Delivered,2023-11-05
111,87,11,32,2025-11-17,5,25348.27,25,95056.01,Credit Card,Delivered,2025-11-23
112,29,7,4,2023-01-29,5,17926.37,0,89631.85,Debit Card,Delivered,2023-02-04
113,99,3,32,2023-07-23,3,25348.27,10,68440.33,Net Banking,Delivered,2023-07-25
114,96,7,1,2024-07-20,2,12922.06,0,25844.12,Cash on Delivery,Delivered,2024-07-25
115,72,14,1,2025-09-27,6,12922.06,15,65902.51,Net Banking,Delivered,2025-09-29
116,3,8,25,2023-05-09,1,44138.66,15,37517.86,Wallet,Delivered,2023-05-17
117,82,7,13,2025-04-28,3,47761.28,0,143283.84,Debit Card,Delivered,2025-05-05
118,103,10,26,2025-02-09,4,35042.79,15,119145.49,Debit Card,Delivered,2025-02-12
119,56,10,33,2023-08-23,4,44012.39,0,176049.56,Wallet,Delivered,2023-08-29
120,44,4,41,2024-11-01,3,2801.69,0,8405.07,Cash on Delivery,Delivered,2024-11-04
121,66,4,36,2025-01-29,3,60733.89,15,154871.42,Wallet,Processing,
122,105,3,52,2025-12-29,2,35663.87,0,71327.74,Debit Card,Delivered,2026-01-03
123,78,3,13,2023-08-08,6,47761.28,0,286567.68,Net Banking,Delivered,2023-08-17
124,97,10,1,2023-05-29,5,12922.06,25,48457.72,Cash on Delivery,Shipped,
125,83,11,33,2023-03-23,5,44012.39,15,187052.66,Wallet,Cancelled,
126,41,3,16,2023-07-09,4,33625.23,0,134500.92,UPI,Delivered,2023-07-15
127,76,1,44,2025-02-20,3,23729.79,0,71189.37,Credit Card,Delivered,2025-03-01
128,8,6,53,2025-12-28,3,15714.98,0,47144.94,Credit Card,Shipped,
129,79,10,46,2025-06-06,5,28720.74,20,114882.96,Wallet,Delivered,2025-06-16
130,115,1,48,2025-11-25,4,24506.72,5,93125.54,Cash on Delivery,Delivered,2025-12-04
131,20,1,10,2025-12-16,4,42858.29,0,171433.16,UPI,Processing,
132,92,2,29,2025-01-01,5,40647.92,0,203239.6,Net Banking,Delivered,2025-01-10
133,68,9,8,2025-02-15,5,26953.53,0,134767.65,Net Banking,Delivered,2025-02-21
134,53,13,8,2024-08-25,3,26953.53,0,80860.59,Wallet,Processing,
135,43,2,21,2023-11-14,3,23490.42,0,70471.26,UPI,Delivered,2023-11-22
136,33,12,28,2023-11-25,6,495.29,0,2971.74,UPI,Delivered,2023-11-29
137,40,11,44,2023-06-22,6,23729.79,20,113902.99,UPI,Delivered,2023-06-25
138,72,7,32,2025-02-15,6,25348.27,15,129276.18,Wallet,Processing,
139,90,14,20,2025-02-05,6,10541.48,0,63248.88,Net Banking,Shipped,
140,66,6,18,2023-07-10,1,264.97,15,225.22,UPI,Delivered,2023-07-15
141,99,8,56,2024-01-31,2,55231.24,5,104939.36,Credit Card,Returned,2024-02-04
142,38,14,54,2023-09-03,1,2354.83,0,2354.83,Cash on Delivery,Shipped,
143,17,10,55,2025-12-14,4,25977.59,0,103910.36,Wallet,Delivered,2025-12-18
144,57,1,45,2025-05-17,4,34616.22,15,117695.15,Debit Card,Shipped,
145,57,10,15,2023-09-17,3,38630.0,25,86917.5,UPI,Delivered,2023-09-22
146,104,13,57,2024-06-24,4,20127.11,5,76483.02,Net Banking,Delivered,2024-07-03
147,99,5,20,2024-01-31,4,10541.48,20,33732.74,Cash on Delivery,Returned,2024-02-05
148,18,14,24,2024-09-18,3,9222.15,0,27666.45,UPI,Shipped,
149,71,15,60,2024-05-26,1,11299.55,0,11299.55,UPI,Delivered,2024-05-30
150,58,15,18,2025-12-12,5,264.97,0,1324.85,Credit Card,Cancelled,
151,117,4,54,2023-05-23,4,2354.83,15,8006.42,Credit Card,Returned,2023-05-31
152,51,9,60,2025-08-26,3,11299.55,5,32203.72,UPI,Delivered,2025-08-29
153,29,1,38,2023-03-13,3,180.44,0,541.32,Wallet,Cancelled,
154,43,13,7,2024-03-11,2,39318.4,0,78636.8,Wallet,Delivered,2024-03-20
155,107,3,52,2025-02-24,6,35663.87,25,160487.42,Credit Card,Delivered,2025-02-26
156,3,5,52,2024-06-08,2,35663.87,0,71327.74,Net Banking,Delivered,2024-06-18
157,15,13,26,2024-03-25,3,35042.79,5,99871.95,Debit Card,Delivered,2024-03-27
158,54,11,54,2024-03-24,5,2354.83,25,8830.61,Cash on Delivery,Delivered,2024-04-02
159,69,1,21,2024-09-21,6,23490.42,5,133895.39,UPI,Shipped,
160,55,1,26,2023-05-18,5,35042.79,15,148931.86,Debit Card,Delivered,2023-05-26
161,86,11,54,2023-12-14,1,2354.83,15,2001.61,Cash on Delivery,Delivered,2023-12-24
162,65,13,2,2023-03-23,5,18777.39,0,93886.95,Credit Card,Delivered,2023-04-01
163,82,7,20,2024-05-25,3,10541.48,10,28462.0,UPI,Processing,
164,101,2,40,2024-07-20,3,18877.96,5,53802.19,Wallet,Processing,
165,14,13,52,2023-05-21,5,35663.87,15,151571.45,Cash on Delivery,Delivered,2023-05-28
166,44,14,51,2025-06-26,6,16457.82,0,98746.92,Wallet,Cancelled,
167,60,12,9,2024-08-26,4,11434.78,0,45739.12,Credit Card,Processing,
168,92,13,51,2024-10-05,4,16457.82,0,65831.28,Debit Card,Delivered,2024-10-07
169,114,1,55,2025-04-20,3,25977.59,10,70139.49,Net Banking,Delivered,2025-04-30
170,33,1,30,2023-05-22,6,31859.77,5,181600.69,Wallet,Delivered,2023-05-24
171,43,5,26,2024-07-04,1,35042.79,15,29786.37,Wallet,Delivered,2024-07-12
172,57,15,57,2025-08-08,4,20127.11,15,68432.17,Wallet,Returned,2025-08-17
173,64,6,44,2025-06-29,5,23729.79,10,106784.06,Wallet,Processing,
174,55,2,18,2024-07-21,4,264.97,0,1059.88,Credit Card,Delivered,2024-07-28
175,11,6,39,2023-11-30,6,41225.19,10,222616.03,Debit Card,Delivered,2023-12-08
176,89,8,58,2023-06-27,3,39586.19,25,89068.93,Cash on Delivery,Delivered,2023-07-04
177,56,5,6,2025-10-20,6,27706.06,0,166236.36,UPI,Delivered,2025-10-28
178,66,13,56,2023-09-04,6,55231.24,0,331387.44,Cash on Delivery,Returned,2023-09-08
179,87,13,48,2025-11-03,4,24506.72,0,98026.88,Wallet,Delivered,2025-11-08
180,47,6,50,2024-07-22,4,30194.95,0,120779.8,Wallet,Shipped,
181,58,6,8,2023-11-08,3,26953.53,25,60645.44,Cash on Delivery,Processing,
182,18,9,32,2023-03-28,3,25348.27,20,60835.85,Debit Card,Delivered,2023-04-03
183,15,1,21,2023-08-03,6,23490.42,0,140942.52,Cash on Delivery,Delivered,2023-08-11
184,16,5,38,2025-11-13,3,180.44,25,405.99,Wallet,Delivered,2025-11-19
185,118,8,39,2023-10-28,2,41225.19,0,82450.38,Net Banking,Delivered,2023-10-31
186,23,15,2,2024-11-15,6,18777.39,25,84498.26,Wallet,Returned,2024-11-22
187,45,12,45,2024-11-03,1,34616.22,10,31154.6,Debit Card,Cancelled,
188,92,12,12,2023-04-13,6,8359.3,0,50155.8,Cash on Delivery,Processing,
189,29,2,50,2024-12-02,2,30194.95,0,60389.9,Credit Card,Delivered,2024-12-11
190,47,9,44,2024-10-10,5,23729.79,15,100851.61,Debit Card,Delivered,2024-10-20
191,79,15,28,2024-09-27,1,495.29,0,495.29,Cash on Delivery,Delivered,2024-10-06
192,53,13,20,2023-07-07,4,10541.48,0,42165.92,Wallet,Delivered,2023-07-14
193,10,8,22,2024-11-14,4,13593.32,15,46217.29,Wallet,Delivered,2024-11-24
194,76,3,20,2025-09-14,2,10541.48,20,16866.37,Credit Card,Delivered,2025-09-16
195,67,3,51,2024-01-05,3,16457.82,0,49373.46,UPI,Delivered,2024-01-10
196,67,15,48,2025-10-08,3,24506.72,0,73520.16,UPI,Delivered,2025-10-18
197,17,11,54,2023-02-15,3,2354.83,0,7064.49,Cash on Delivery,Delivered,2023-02-19
198,75,3,44,2025-08-03,2,23729.79,15,40340.64,Cash on Delivery,Cancelled,
199,6,14,50,2023-03-30,1,30194.95,0,30194.95,Wallet,Delivered,2023-04-05
200,27,13,23,2025-11-04,5,54366.43,20,217465.72,Credit Card,Shipped,
201,64,15,18,2025-04-24,6,264.97,10,1430.84,UPI,Shipped,
202,62,4,42,2023-10-17,6,4009.82,20,19247.14,Wallet,Delivered,2023-10-20
203,8,3,5,2023-08-19,4,60489.52,20,193566.46,UPI,Delivered,2023-08-24
204,78,3,35,2024-09-18,3,41420.39,15,105621.99,UPI,Processing,
205,52,3,9,2024-11-07,3,11434.78,0,34304.34,Credit Card,Delivered,2024-11-16
206,35,8,50,2023-02-03,2,30194.95,0,60389.9,Net Banking,Delivered,2023-02-09
207,111,10,18,2025-08-31,4,264.97,5,1006.89,UPI,Returned,2025-09-04
208,120,10,24,2024-08-20,6,9222.15,15,47032.96,Net Banking,Delivered,2024-08-24
209,66,8,11,2024-12-03,4,18237.23,10,65654.03,Net Banking,Delivered,2024-12-06
210,65,8,57,2023-11-27,2,20127.11,5,38241.51,Credit Card,Delivered,2023-11-29
211,37,8,4,2023-09-26,5,17926.37,25,67223.89,Credit Card,Delivered,2023-09-28
212,56,3,35,2025-06-03,3,41420.39,15,105621.99,UPI,Processing,
213,6,7,45,2024-03-20,1,34616.22,5,32885.41,Credit Card,Delivered,2024-03-26
214,50,9,8,2024-05-11,4,26953.53,10,97032.71,Cash on Delivery,Cancelled,
215,88,10,16,2025-01-24,1,33625.23,0,33625.23,UPI,Returned,2025-02-01
216,102,6,49,2023-06-23,5,15405.38,15,65472.86,Debit Card,Processing,
217,78,9,54,2024-03-31,4,2354.83,0,9419.32,Wallet,Delivered,2024-04-04
218,43,13,6,2024-05-23,4,27706.06,25,83118.18,Debit Card,Delivered,2024-06-02
219,42,15,50,2024-01-08,5,30194.95,15,128328.54,Cash on Delivery,Delivered,2024-01-14
220,44,9,45,2023-06-07,5,34616.22,25,129810.83,UPI,Shipped,
221,61,14,46,2025-08-01,1,28720.74,15,24412.63,Net Banking,Delivered,2025-08-04
222,75,5,25,2023-12-16,6,44138.66,0,264831.96,Wallet,Delivered,2023-12-22
223,101,13,3,2025-12-17,5,51395.53,5,244128.77,Cash on Delivery,Processing,
224,62,3,2,2024-01-14,5,18777.39,20,75109.56,Credit Card,Delivered,2024-01-19
225,74,12,57,2024-03-12,1,20127.11,5,19120.75,Net Banking,Delivered,2024-03-19
226,20,7,44,2025-04-12,6,23729.79,5,135259.8,Wallet,Delivered,2025-04-21
227,94,1,51,2024-07-17,6,16457.82,0,98746.92,UPI,Delivered,2024-07-27
228,85,8,7,2023-04-27,5,39318.4,20,157273.6,Net Banking,Delivered,2023-05-01
229,117,9,26,2023-09-22,3,35042.79,15,89359.11,Wallet,Shipped,
230,88,11,24,2023-05-15,6,9222.15,10,49799.61,Debit Card,Shipped,
231,32,5,16,2024-05-07,5,33625.23,10,151313.54,UPI,Delivered,2024-05-13
232,91,4,39,2023-06-04,6,41225.19,25,185513.36,Cash on Delivery,Delivered,2023-06-11
233,120,15,20,2023-02-25,6,10541.48,10,56923.99,Net Banking,Delivered,2023-03-07
234,115,7,20,2025-11-01,3,10541.48,0,31624.44,Wallet,Delivered,2025-11-07
235,11,6,40,2025-08-04,4,18877.96,10,67960.66,Debit Card,Processing,
236,26,14,59,2024-04-02,5,46534.73,10,209406.29,Debit Card,Returned,2024-04-08
237,14,10,19,2025-11-20,6,11216.84,5,63935.99,Debit Card,Delivered,2025-11-30
238,82,4,6,2025-09-15,1,27706.06,0,27706.06,Credit Card,Delivered,2025-09-24
239,88,13,25,2025-06-09,2,44138.66,0,88277.32,Net Banking,Returned,2025-06-13
240,84,15,38,2025-10-19,4,180.44,25,541.32,UPI,Shipped,
241,42,5,55,2025-02-28,6,25977.59,0,155865.54,Credit Card,Cancelled,
242,84,10,33,2023-07-27,2,44012.39,0,88024.78,Debit Card,Cancelled,
243,54,15,1,2023-06-24,2,12922.06,0,25844.12,Net Banking,Returned,2023-07-02
244,24,15,22,2025-12-26,6,13593.32,10,73403.93,Credit Card,Cancelled,
245,39,10,60,2024-05-26,5,11299.55,0,56497.75,UPI,Returned,2024-06-02
246,59,11,25,2025-08-20,5,44138.66,25,165519.98,Debit Card,Cancelled,
247,109,9,7,2024-06-28,4,39318.4,10,141546.24,UPI,Delivered,2024-07-01
248,21,12,59,2023-04-09,4,46534.73,10,167525.03,Credit Card,Shipped,
249,95,6,8,2024-03-06,3,26953.53,5,76817.56,Net Banking,Delivered,2024-03-14
250,66,6,15,2024-05-15,1,38630.0,20,30904.0,Debit Card,Shipped,
251,18,8,40,2023-09-21,3,18877.96,5,53802.19,Debit Card,Delivered,2023-09-29
252,58,13,5,2024-09-30,3,60489.52,15,154248.28,UPI,Delivered,2024-10-02
253,84,6,50,2023-02-23,6,30194.95,5,172111.22,Net Banking,Delivered,2023-02-26
254,40,3,55,2023-11-05,4,25977.59,10,93519.32,Wallet,Shipped,
255,118,5,26,2024-10-16,3,35042.79,5,99871.95,Net Banking,Delivered,2024-10-20
256,20,8,60,2025-07-11,6,11299.55,15,57627.7,Net Banking,Delivered,2025-07-21
257,97,9,55,2025-01-06,6,25977.59,5,148072.26,Wallet,Processing,
258,97,10,46,2023-11-09,1,28720.74,25,21540.56,Credit Card,Delivered,2023-11-16
259,118,10,8,2023-01-09,1,26953.53,0,26953.53,Cash on Delivery,Cancelled,
260,26,10,14,2023-04-28,5,4312.17,0,21560.85,Net Banking,Delivered,2023-05-08
261,15,11,40,2023-05-27,2,18877.96,25,28316.94,Net Banking,Delivered,2023-06-06
262,104,1,10,2023-10-17,4,42858.29,0,171433.16,Cash on Delivery,Delivered,2023-10-26
263,8,9,22,2024-02-05,4,13593.32,10,48935.95,Net Banking,Processing,
264,33,14,59,2024-03-17,1,46534.73,5,44207.99,Net Banking,Delivered,2024-03-19
265,45,12,44,2023-02-19,1,23729.79,0,23729.79,Net Banking,Returned,2023-02-22
266,5,5,4,2023-02-26,4,17926.37,0,71705.48,Wallet,Processing,
267,94,11,50,2024-09-07,4,30194.95,15,102662.83,Net Banking,Returned,2024-09-15
268,112,15,47,2024-02-01,4,34894.66,20,111662.91,Debit Card,Delivered,2024-02-11
269,84,14,45,2023-11-13,3,34616.22,0,103848.66,Net Banking,Delivered,2023-11-23
270,68,3,50,2024-02-28,6,30194.95,5,172111.22,Credit Card,Cancelled,
271,39,8,8,2024-05-08,6,26953.53,20,129376.94,Debit Card,Delivered,2024-05-13
272,59,6,1,2024-08-25,2,12922.06,10,23259.71,Credit Card,Delivered,2024-08-28
273,104,11,25,2025-06-22,4,44138.66,0,176554.64,Credit Card,Delivered,2025-06-25
274,77,1,11,2024-11-13,4,18237.23,0,72948.92,Net Banking,Delivered,2024-11-15
275,57,4,9,2024-10-31,5,11434.78,5,54315.2,Credit Card,Processing,
276,18,9,53,2023-05-21,3,15714.98,5,44787.69,Wallet,Processing,
277,74,6,2,2023-04-16,5,18777.39,15,79803.91,Wallet,Delivered,2023-04-20
278,67,4,53,2024-02-13,4,15714.98,10,56573.93,Cash on Delivery,Delivered,2024-02-23
279,113,12,58,2025-12-16,2,39586.19,20,63337.9,UPI,Delivered,2025-12-18
280,83,11,51,2024-09-02,4,16457.82,15,55956.59,Net Banking,Shipped,
281,20,5,48,2024-02-05,4,24506.72,0,98026.88,Net Banking,Processing,
282,31,14,27,2023-06-07,2,11753.96,10,21157.13,Debit Card,Cancelled,
283,104,8,32,2024-10-21,1,25348.27,20,20278.62,Cash on Delivery,Returned,2024-10-31
284,18,7,25,2024-03-15,2,44138.66,10,79449.59,Net Banking,Delivered,2024-03-18
285,109,6,11,2023-02-14,1,18237.23,5,17325.37,Wallet,Delivered,2023-02-22
286,78,10,2,2023-02-12,1,18777.39,0,18777.39,Debit Card,Delivered,2023-02-22
287,62,4,8,2025-02-20,3,26953.53,10,72774.53,Debit Card,Returned,2025-02-22
288,120,4,41,2025-05-30,6,2801.69,0,16810.14,Net Banking,Processing,
289,118,4,24,2024-07-22,6,9222.15,5,52566.25,Cash on Delivery,Delivered,2024-07-27
290,42,13,47,2023-06-13,3,34894.66,20,83747.18,UPI,Delivered,2023-06-20
291,34,6,5,2025-09-04,5,60489.52,25,226835.7,UPI,Delivered,2025-09-13
292,118,4,5,2023-06-03,3,60489.52,15,154248.28,Wallet,Delivered,2023-06-08
293,19,1,49,2025-10-16,3,15405.38,20,36972.91,UPI,Delivered,2025-10-21
294,30,7,30,2023-12-15,5,31859.77,5,151333.91,UPI,Delivered,2023-12-22
295,98,14,1,2024-03-06,4,12922.06,25,38766.18,Debit Card,Delivered,2024-03-13
296,18,12,29,2024-11-06,5,40647.92,25,152429.7,Wallet,Delivered,2024-11-16
297,8,9,14,2025-07-11,1,4312.17,0,4312.17,Credit Card,Returned,2025-07-13
298,53,3,2,2024-10-12,6,18777.39,5,107031.12,Credit Card,Delivered,2024-10-16
299,28,9,13,2024-07-09,4,47761.28,15,162388.35,Wallet,Delivered,2024-07-18
300,63,1,53,2024-07-12,1,15714.98,20,12571.98,Wallet,Delivered,2024-07-22
301,36,9,41,2024-06-20,3,2801.69,0,8405.07,Debit Card,Delivered,2024-06-28
302,14,15,53,2024-09-08,1,15714.98,0,15714.98,UPI,Delivered,2024-09-18
303,105,6,25,2024-06-04,3,44138.66,20,105932.78,Net Banking,Delivered,2024-06-12
304,73,4,16,2023-01-19,6,33625.23,5,191663.81,Wallet,Delivered,2023-01-22
305,110,11,18,2023-12-29,1,264.97,0,264.97,Cash on Delivery,Delivered,2024-01-06
306,61,1,24,2023-05-01,6,9222.15,0,55332.9,Credit Card,Shipped,
307,64,14,51,2024-04-01,4,16457.82,15,55956.59,Cash on Delivery,Delivered,2024-04-04
308,118,1,6,2023-12-03,2,27706.06,5,52641.51,Wallet,Cancelled,
309,114,10,14,2025-09-11,4,4312.17,10,15523.81,Wallet,Delivered,2025-09-14
310,119,5,31,2025-08-12,5,39924.36,0,199621.8,Credit Card,Delivered,2025-08-19
311,27,10,27,2024-11-20,2,11753.96,20,18806.34,Debit Card,Returned,2024-11-26
312,73,4,11,2024-10-15,5,18237.23,20,72948.92,Cash on Delivery,Shipped,
313,43,7,22,2023-10-18,6,13593.32,0,81559.92,Wallet,Processing,
314,93,2,59,2024-12-18,5,46534.73,15,197772.6,Debit Card,Delivered,2024-12-26
315,108,2,28,2025-11-30,3,495.29,20,1188.7,Credit Card,Returned,2025-12-07
316,82,5,40,2024-09-25,4,18877.96,25,56633.88,Net Banking,Delivered,2024-10-05
317,56,3,59,2023-09-07,6,46534.73,20,223366.7,Debit Card,Delivered,2023-09-13
318,92,2,38,2023-02-26,1,180.44,10,162.4,Wallet,Delivered,2023-03-02
319,50,6,52,2024-06-10,3,35663.87,0,106991.61,Net Banking,Delivered,2024-06-16
320,47,13,10,2024-07-28,3,42858.29,0,128574.87,Net Banking,Delivered,2024-08-01
321,58,9,26,2025-02-28,5,35042.79,20,140171.16,UPI,Delivered,2025-03-03
322,71,2,13,2025-04-28,5,47761.28,15,202985.44,Credit Card,Cancelled,
323,38,7,32,2024-02-21,4,25348.27,0,101393.08,Cash on Delivery,Processing,
324,116,4,58,2025-06-18,5,39586.19,0,197930.95,Debit Card,Shipped,
325,18,5,17,2023-09-23,3,40076.87,10,108207.55,Debit Card,Delivered,2023-09-26
326,56,5,59,2024-09-18,4,46534.73,10,167525.03,UPI,Delivered,2024-09-21
327,33,4,25,2025-02-06,6,44138.66,25,198623.97,Net Banking,Delivered,2025-02-11
328,14,3,22,2023-07-28,3,13593.32,0,40779.96,Cash on Delivery,Returned,2023-08-04
329,49,13,32,2024-04-27,3,25348.27,25,57033.61,UPI,Delivered,2024-05-01
330,42,10,23,2024-04-03,6,54366.43,5,309888.65,Net Banking,Delivered,2024-04-07
331,41,5,25,2024-03-28,6,44138.66,25,198623.97,UPI,Returned,2024-04-02
332,49,5,4,2023-08-12,4,17926.37,15,60949.66,Cash on Delivery,Delivered,2023-08-17
333,70,3,14,2024-07-03,6,4312.17,0,25873.02,Wallet,Returned,2024-07-12
334,27,8,3,2024-10-31,3,51395.53,0,154186.59,Net Banking,Processing,
335,87,8,8,2024-05-31,2,26953.53,10,48516.35,Wallet,Delivered,2024-06-04
336,55,13,34,2025-07-17,4,26050.48,0,104201.92,Cash on Delivery,Delivered,2025-07-26
337,52,9,20,2025-03-07,5,10541.48,20,42165.92,Wallet,Delivered,2025-03-14
338,115,13,23,2025-02-11,5,54366.43,0,271832.15,Wallet,Delivered,2025-02-16
339,86,6,5,2024-07-21,2,60489.52,0,120979.04,UPI,Delivered,2024-07-29
340,102,7,36,2024-09-06,1,60733.89,0,60733.89,Cash on Delivery,Delivered,2024-09-11
341,96,9,50,2025-12-28,5,30194.95,5,143426.01,Net Banking,Delivered,2026-01-05
342,99,11,12,2024-06-07,5,8359.3,0,41796.5,Net Banking,Delivered,2024-06-09
343,14,5,29,2024-02-17,4,40647.92,0,162591.68,UPI,Delivered,2024-02-21
344,40,6,37,2025-11-13,4,24240.02,5,92112.08,Net Banking,Delivered,2025-11-20
345,13,8,40,2024-05-18,6,18877.96,25,84950.82,Credit Card,Delivered,2024-05-24
346,104,12,30,2024-08-06,1,31859.77,0,31859.77,Wallet,Cancelled,
347,14,11,21,2024-08-21,2,23490.42,5,44631.8,Debit Card,Delivered,2024-08-31
348,43,9,20,2025-01-10,4,10541.48,25,31624.44,Wallet,Delivered,2025-01-18
349,24,3,59,2025-08-08,6,46534.73,20,223366.7,Net Banking,Delivered,2025-08-13
350,76,7,29,2025-01-15,4,40647.92,0,162591.68,Debit Card,Shipped,
351,36,13,39,2025-05-29,6,41225.19,0,247351.14,Debit Card,Delivered,2025-06-08
352,47,6,31,2023-10-17,2,39924.36,25,59886.54,Cash on Delivery,Delivered,2023-10-26
353,82,6,18,2024-06-14,5,264.97,20,1059.88,Cash on Delivery,Shipped,
354,15,6,39,2025-11-14,3,41225.19,25,92756.68,Wallet,Shipped,
355,91,13,10,2023-11-02,3,42858.29,0,128574.87,UPI,Shipped,
356,16,4,14,2023-11-23,3,4312.17,0,12936.51,Cash on Delivery,Delivered,2023-11-27
357,50,7,29,2025-10-27,5,40647.92,0,203239.6,Debit Card,Delivered,2025-11-04
358,63,11,12,2025-12-11,5,8359.3,0,41796.5,UPI,Delivered,2025-12-20
359,18,3,51,2025-04-24,3,16457.82,25,37030.1,UPI,Shipped,
360,2,8,24,2025-02-10,2,9222.15,5,17522.08,Cash on Delivery,Processing,
361,65,11,58,2025-01-25,4,39586.19,20,126675.81,Net Banking,Shipped,
362,91,14,12,2024-06-19,4,8359.3,25,25077.9,Debit Card,Delivered,2024-06-21
363,38,1,19,2024-06-09,3,11216.84,5,31967.99,Net Banking,Delivered,2024-06-13
364,73,12,58,2024-09-05,4,39586.19,0,158344.76,Cash on Delivery,Delivered,2024-09-11
365,106,6,18,2025-10-20,5,264.97,0,1324.85,Net Banking,Processing,
366,70,4,19,2025-03-01,4,11216.84,0,44867.36,Wallet,Processing,
367,97,4,30,2023-11-12,3,31859.77,0,95579.31,Credit Card,Delivered,2023-11-19
368,57,14,49,2024-09-19,1,15405.38,5,14635.11,Wallet,Delivered,2024-09-26
369,79,11,50,2024-08-17,4,30194.95,0,120779.8,Debit Card,Shipped,
370,105,4,27,2025-09-07,1,11753.96,15,9990.87,Debit Card,Delivered,2025-09-17
371,42,12,57,2024-03-08,3,20127.11,10,54343.2,Wallet,Delivered,2024-03-18
372,105,2,39,2024-01-13,2,41225.19,20,65960.3,UPI,Cancelled,
373,111,11,34,2025-04-26,2,26050.48,0,52100.96,Debit Card,Delivered,2025-05-03
374,98,14,27,2023-06-10,6,11753.96,20,56419.01,Wallet,Delivered,2023-06-16
375,54,7,55,2023-02-16,4,25977.59,0,103910.36,Credit Card,Shipped,
376,52,9,16,2025-11-12,6,33625.23,10,181576.24,UPI,Shipped,
377,59,8,26,2023-03-28,3,35042.79,0,105128.37,Wallet,Cancelled,
378,12,12,56,2025-10-08,4,55231.24,15,187786.22,Cash on Delivery,Cancelled,
379,51,4,57,2024-12-19,4,20127.11,5,76483.02,UPI,Delivered,2024-12-26
380,44,9,2,2025-03-29,5,18777.39,0,93886.95,UPI,Delivered,2025-04-07
381,115,11,19,2023-08-23,1,11216.84,0,11216.84,Credit Card,Delivered,2023-09-01
382,16,15,8,2025-06-25,2,26953.53,25,40430.3,Debit Card,Delivered,2025-07-03
383,89,15,29,2023-10-24,2,40647.92,10,73166.26,Credit Card,Delivered,2023-10-30
384,84,6,2,2024-09-07,3,18777.39,0,56332.17,Credit Card,Delivered,2024-09-11
385,51,11,12,2023-10-25,3,8359.3,5,23824.0,Wallet,Delivered,2023-10-28
386,13,1,35,2023-04-30,2,41420.39,25,62130.58,Cash on Delivery,Delivered,2023-05-05
387,88,8,59,2025-03-22,1,46534.73,0,46534.73,Credit Card,Shipped,
388,111,7,29,2023-09-20,6,40647.92,0,243887.52,Net Banking,Delivered,2023-09-25
389,12,12,39,2023-02-25,1,41225.19,0,41225.19,Debit Card,Delivered,2023-03-03
390,49,13,56,2025-09-18,2,55231.24,0,110462.48,Cash on Delivery,Delivered,2025-09-20
391,84,3,21,2023-09-05,4,23490.42,15,79867.43,Wallet,Processing,
392,96,3,36,2023-09-12,4,60733.89,25,182201.67,Credit Card,Cancelled,
393,115,2,32,2023-04-20,2,25348.27,0,50696.54,UPI,Delivered,2023-04-28
394,55,6,41,2023-12-28,2,2801.69,5,5323.21,Debit Card,Delivered,2023-12-31
395,71,10,35,2024-06-01,5,41420.39,10,186391.76,Wallet,Processing,
396,4,14,22,2025-01-15,6,13593.32,10,73403.93,Debit Card,Delivered,2025-01-25
397,96,7,23,2023-05-31,3,54366.43,0,163099.29,Debit Card,Processing,
398,64,7,14,2025-11-22,1,4312.17,5,4096.56,Cash on Delivery,Delivered,2025-11-25
399,114,1,48,2025-12-06,3,24506.72,15,62492.14,UPI,Delivered,2025-12-14
400,70,11,43,2023-06-22,2,7504.22,25,11256.33,Credit Card,Returned,2023-06-25
401,76,2,58,2024-12-15,1,39586.19,10,35627.57,Net Banking,Delivered,2024-12-17
402,65,5,27,2025-08-22,6,11753.96,20,56419.01,Credit Card,Delivered,2025-08-30
403,82,9,43,2024-06-04,5,7504.22,0,37521.1,Credit Card,Delivered,2024-06-10
404,66,15,24,2024-12-13,2,9222.15,0,18444.3,Cash on Delivery,Delivered,2024-12-21
405,82,13,30,2025-04-07,6,31859.77,0,191158.62,Wallet,Delivered,2025-04-15
406,109,4,35,2023-11-11,1,41420.39,5,39349.37,Credit Card,Delivered,2023-11-19
407,59,10,27,2023-11-09,5,11753.96,0,58769.8,Credit Card,Delivered,2023-11-13
408,2,12,31,2023-03-06,2,39924.36,0,79848.72,Cash on Delivery,Delivered,2023-03-13
409,67,13,22,2025-04-21,6,13593.32,10,73403.93,Wallet,Delivered,2025-04-25
410,100,14,16,2024-12-15,3,33625.23,0,100875.69,Credit Card,Processing,
411,43,13,44,2023-09-12,4,23729.79,10,85427.24,Wallet,Delivered,2023-09-18
412,74,11,5,2025-03-19,1,60489.52,25,45367.14,Credit Card,Delivered,2025-03-26
413,64,14,54,2025-07-20,5,2354.83,0,11774.15,Credit Card,Delivered,2025-07-26
414,115,10,30,2023-02-10,6,31859.77,0,191158.62,Credit Card,Delivered,2023-02-20
415,6,14,34,2025-10-06,1,26050.48,5,24747.96,Net Banking,Delivered,2025-10-13
416,118,3,5,2024-04-02,2,60489.52,0,120979.04,Debit Card,Delivered,2024-04-10
417,42,4,32,2025-07-06,4,25348.27,15,86184.12,Cash on Delivery,Delivered,2025-07-09
418,48,2,33,2025-10-19,5,44012.39,0,220061.95,Credit Card,Delivered,2025-10-29
419,52,2,20,2023-02-09,4,10541.48,10,37949.33,UPI,Processing,
420,42,2,1,2025-07-04,5,12922.06,25,48457.72,UPI,Delivered,2025-07-09
421,73,13,32,2025-05-12,3,25348.27,5,72242.57,Debit Card,Delivered,2025-05-21
422,94,15,9,2023-07-24,5,11434.78,5,54315.2,Credit Card,Delivered,2023-08-01
423,30,9,28,2025-03-31,3,495.29,0,1485.87,Wallet,Returned,2025-04-02
424,49,14,51,2025-08-13,6,16457.82,10,88872.23,Debit Card,Delivered,2025-08-23
425,54,8,25,2023-11-13,1,44138.66,0,44138.66,Credit Card,Shipped,
426,6,15,23,2023-02-11,2,54366.43,20,86986.29,UPI,Shipped,
427,59,12,13,2023-11-23,1,47761.28,0,47761.28,Credit Card,Delivered,2023-12-01
428,76,10,26,2024-10-22,1,35042.79,20,28034.23,Debit Card,Shipped,
429,31,5,33,2025-10-13,3,44012.39,15,112231.59,Wallet,Returned,2025-10-21
430,107,12,12,2024-01-02,3,8359.3,15,21316.21,Credit Card,Delivered,2024-01-07
431,26,3,57,2024-05-12,5,20127.11,0,100635.55,Net Banking,Delivered,2024-05-16
432,60,6,31,2024-12-03,4,39924.36,0,159697.44,Net Banking,Delivered,2024-12-08
433,40,8,15,2024-07-28,3,38630.0,0,115890.0,Wallet,Delivered,2024-08-03
434,90,10,1,2025-08-31,1,12922.06,5,12275.96,UPI,Cancelled,
435,19,2,3,2023-05-27,6,51395.53,5,292954.52,Cash on Delivery,Returned,2023-06-04
436,7,11,27,2024-07-06,3,11753.96,10,31735.69,Debit Card,Cancelled,
437,4,7,22,2023-10-26,4,13593.32,5,51654.62,Debit Card,Delivered,2023-10-29
438,16,1,44,2025-06-04,1,23729.79,5,22543.3,UPI,Delivered,2025-06-12
439,88,11,11,2023-12-29,6,18237.23,0,109423.38,Credit Card,Delivered,2024-01-04
440,3,2,4,2025-03-11,2,17926.37,25,26889.56,Credit Card,Processing,
441,116,14,39,2024-12-10,3,41225.19,0,123675.57,Credit Card,Delivered,2024-12-19
442,22,15,34,2025-02-25,5,26050.48,20,104201.92,Net Banking,Cancelled,
443,64,1,40,2023-01-16,4,18877.96,20,60409.47,Debit Card,Delivered,2023-01-21
444,36,5,2,2024-01-05,4,18777.39,0,75109.56,Wallet,Delivered,2024-01-10
445,38,8,23,2023-11-20,4,54366.43,25,163099.29,Net Banking,Delivered,2023-11-26
446,18,7,30,2025-01-08,2,31859.77,5,60533.56,Cash on Delivery,Shipped,
447,102,1,41,2023-07-31,4,2801.69,15,9525.75,UPI,Delivered,2023-08-09
448,117,10,9,2024-10-30,5,11434.78,15,48597.82,Credit Card,Delivered,2024-11-03
449,41,10,30,2024-11-30,2,31859.77,0,63719.54,UPI,Cancelled,
450,8,13,1,2024-03-20,4,12922.06,15,43935.0,Debit Card,Processing,
451,21,2,34,2024-04-13,2,26050.48,5,49495.91,Debit Card,Delivered,2024-04-15
452,74,14,48,2023-12-26,4,24506.72,15,83322.85,Debit Card,Returned,2023-12-30
453,31,10,14,2024-03-14,3,4312.17,15,10996.03,Credit Card,Cancelled,
454,91,12,58,2023-04-15,3,39586.19,0,118758.57,Net Banking,Delivered,2023-04-20
455,70,5,46,2025-12-10,2,28720.74,25,43081.11,Debit Card,Delivered,2025-12-12
456,78,4,27,2024-06-06,1,11753.96,25,8815.47,Debit Card,Delivered,2024-06-11
457,44,12,58,2025-10-21,2,39586.19,15,67296.52,Cash on Delivery,Delivered,2025-10-25
458,91,15,23,2023-01-08,2,54366.43,0,108732.86,UPI,Cancelled,
459,10,6,50,2024-02-25,6,30194.95,20,144935.76,UPI,Delivered,2024-03-03
460,42,3,3,2024-05-04,2,51395.53,20,82232.85,Net Banking,Processing,
461,84,6,12,2023-10-20,2,8359.3,15,14210.81,Net Banking,Delivered,2023-10-24
462,40,12,30,2023-12-27,6,31859.77,10,172042.76,Wallet,Delivered,2023-12-29
463,74,7,29,2024-09-29,5,40647.92,0,203239.6,Cash on Delivery,Delivered,2024-10-06
464,29,11,15,2024-09-19,5,38630.0,0,193150.0,UPI,Returned,2024-09-23
465,96,2,43,2023-10-14,2,7504.22,15,12757.17,Wallet,Returned,2023-10-18
466,114,2,22,2024-01-29,6,13593.32,15,69325.93,Debit Card,Delivered,2024-02-04
467,32,12,16,2023-09-16,1,33625.23,15,28581.45,Wallet,Delivered,2023-09-19
468,1,1,26,2025-01-01,4,35042.79,25,105128.37,Debit Card,Processing,
469,114,7,1,2024-05-24,4,12922.06,20,41350.59,Credit Card,Delivered,2024-06-01
470,107,8,24,2023-06-24,5,9222.15,5,43805.21,Credit Card,Delivered,2023-06-27
471,38,1,43,2025-01-21,3,7504.22,10,20261.39,UPI,Returned,2025-01-24
472,22,15,43,2025-10-07,4,7504.22,0,30016.88,Cash on Delivery,Processing,
473,115,2,5,2025-08-30,3,60489.52,25,136101.42,Net Banking,Shipped,
474,84,3,31,2025-04-22,5,39924.36,20,159697.44,UPI,Delivered,2025-04-25
475,27,4,30,2025-01-25,4,31859.77,10,114695.17,UPI,Shipped,
476,31,2,53,2024-11-30,1,15714.98,20,12571.98,Debit Card,Delivered,2024-12-09
477,7,6,29,2025-10-26,1,40647.92,20,32518.34,Debit Card,Delivered,2025-11-04
478,13,1,33,2024-02-07,2,44012.39,0,88024.78,Credit Card,Shipped,
479,61,14,60,2023-08-30,1,11299.55,10,10169.59,Net Banking,Processing,
480,63,15,23,2025-11-14,6,54366.43,10,293578.72,Net Banking,Delivered,2025-11-24
481,24,6,49,2024-06-07,4,15405.38,15,52378.29,UPI,Delivered,2024-06-09
482,57,8,60,2024-05-13,3,11299.55,5,32203.72,Cash on Delivery,Cancelled,
483,8,3,12,2025-12-18,6,8359.3,0,50155.8,Cash on Delivery,Delivered,2025-12-25
484,53,13,31,2024-02-14,5,39924.36,5,189640.71,Cash on Delivery,Delivered,2024-02-22
485,54,9,40,2025-02-07,6,18877.96,25,84950.82,Net Banking,Delivered,2025-02-12
486,39,2,14,2025-09-26,4,4312.17,0,17248.68,Cash on Delivery,Delivered,2025-10-06
487,87,10,17,2025-04-09,2,40076.87,0,80153.74,Debit Card,Returned,2025-04-18
488,22,4,1,2025-05-28,2,12922.06,0,25844.12,Wallet,Delivered,2025-05-31
489,56,4,23,2025-06-23,6,54366.43,0,326198.58,UPI,Cancelled,
490,41,15,35,2025-04-14,6,41420.39,0,248522.34,Net Banking,Delivered,2025-04-24
491,71,6,21,2025-01-14,3,23490.42,25,52853.44,Credit Card,Cancelled,
492,101,12,10,2024-10-14,5,42858.29,20,171433.16,Debit Card,Delivered,2024-10-18
493,73,10,29,2025-05-12,5,40647.92,0,203239.6,UPI,Returned,2025-05-15
494,112,9,46,2024-07-29,3,28720.74,20,68929.78,Cash on Delivery,Delivered,2024-08-07
495,78,8,34,2024-08-01,1,26050.48,0,26050.48,Cash on Delivery,Delivered,2024-08-05
496,78,11,23,2024-02-01,6,54366.43,20,260958.86,Wallet,Delivered,2024-02-08
497,31,1,53,2025-10-01,6,15714.98,25,70717.41,Credit Card,Returned,2025-10-08
498,44,14,34,2023-05-03,3,26050.48,10,70336.3,Wallet,Delivered,2023-05-12
499,88,2,47,2025-06-26,2,34894.66,0,69789.32,UPI,Delivered,2025-07-05
500,35,12,44,2025-09-15,4,23729.79,0,94919.16,Net Banking,Delivered,2025-09-20
501,95,8,44,2023-08-10,5,23729.79,15,100851.61,Cash on Delivery,Cancelled,
502,102,3,52,2024-08-10,1,35663.87,10,32097.48,Net Banking,Shipped,
503,18,13,47,2023-06-30,5,34894.66,0,174473.3,Credit Card,Delivered,2023-07-05
504,32,1,36,2025-07-24,4,60733.89,0,242935.56,Wallet,Cancelled,
505,26,5,35,2024-04-28,3,41420.39,25,93195.88,Wallet,Delivered,2024-05-01
506,4,4,34,2025-01-14,3,26050.48,25,58613.58,Net Banking,Delivered,2025-01-18
507,76,9,27,2025-02-24,3,11753.96,15,29972.6,Wallet,Delivered,2025-03-02
508,107,12,49,2024-06-19,1,15405.38,10,13864.84,Debit Card,Delivered,2024-06-21
509,110,10,21,2025-09-11,2,23490.42,5,44631.8,Wallet,Shipped,
510,27,5,28,2024-05-02,6,495.29,20,2377.39,Net Banking,Delivered,2024-05-04
511,117,3,3,2023-03-02,6,51395.53,0,308373.18,Credit Card,Shipped,
512,29,5,58,2023-05-25,5,39586.19,10,178137.86,Wallet,Shipped,
513,83,5,22,2024-03-30,4,13593.32,20,43498.62,Net Banking,Cancelled,
514,33,4,58,2024-09-09,4,39586.19,10,142510.28,Cash on Delivery,Shipped,
515,51,10,54,2024-09-03,1,2354.83,0,2354.83,Cash on Delivery,Delivered,2024-09-10
516,83,10,21,2025-01-06,5,23490.42,10,105706.89,Net Banking,Delivered,2025-01-09
517,9,6,24,2023-12-04,3,9222.15,15,23516.48,UPI,Cancelled,
518,84,12,17,2023-01-24,6,40076.87,10,216415.1,Debit Card,Delivered,2023-02-03
519,116,1,59,2023-10-06,5,46534.73,20,186138.92,Wallet,Shipped,
520,18,12,8,2023-01-04,1,26953.53,25,20215.15,Net Banking,Returned,2023-01-10
521,52,7,31,2023-08-27,6,39924.36,0,239546.16,UPI,Delivered,2023-09-01
522,93,12,23,2023-03-21,2,54366.43,25,81549.64,Wallet,Cancelled,
523,46,9,40,2024-04-08,3,18877.96,0,56633.88,Cash on Delivery,Cancelled,
524,24,5,3,2025-02-05,1,51395.53,25,38546.65,Wallet,Delivered,2025-02-11
525,104,9,14,2024-08-15,2,4312.17,15,7330.69,Debit Card,Shipped,
526,46,4,12,2023-03-07,6,8359.3,10,45140.22,UPI,Delivered,2023-03-14
527,34,10,13,2025-09-06,3,47761.28,25,107462.88,Net Banking,Cancelled,
528,7,14,59,2025-12-15,6,46534.73,0,279208.38,Cash on Delivery,Delivered,2025-12-20
529,16,14,22,2024-05-31,6,13593.32,20,65247.94,Credit Card,Delivered,2024-06-08
530,112,14,33,2023-11-11,2,44012.39,0,88024.78,Net Banking,Returned,2023-11-18
531,73,15,7,2023-07-17,4,39318.4,0,157273.6,Credit Card,Delivered,2023-07-21
532,63,6,37,2023-05-29,6,24240.02,0,145440.12,Credit Card,Delivered,2023-05-31
533,58,5,22,2024-12-03,2,13593.32,0,27186.64,Net Banking,Delivered,2024-12-07
534,101,13,25,2025-03-09,1,44138.66,0,44138.66,Wallet,Shipped,
535,55,7,8,2025-11-21,4,26953.53,25,80860.59,Cash on Delivery,Delivered,2025-11-23
536,26,12,44,2024-02-15,3,23729.79,0,71189.37,Cash on Delivery,Cancelled,
537,25,1,60,2025-09-03,6,11299.55,0,67797.3,Debit Card,Shipped,
538,29,12,25,2024-05-06,3,44138.66,10,119174.38,Cash on Delivery,Delivered,2024-05-14
539,76,5,11,2025-10-01,2,18237.23,0,36474.46,UPI,Cancelled,
540,38,8,18,2024-02-18,6,264.97,15,1351.35,UPI,Delivered,2024-02-22
541,116,8,24,2023-03-29,3,9222.15,5,26283.13,Credit Card,Delivered,2023-04-06
542,30,4,2,2025-11-21,6,18777.39,0,112664.34,Cash on Delivery,Delivered,2025-11-23
543,65,3,12,2025-08-15,1,8359.3,15,7105.4,Credit Card,Shipped,
544,49,15,8,2023-05-26,6,26953.53,10,145549.06,Cash on Delivery,Processing,
545,7,10,47,2025-07-31,1,34894.66,0,34894.66,Credit Card,Shipped,
546,7,12,28,2023-05-10,1,495.29,20,396.23,Cash on Delivery,Delivered,2023-05-13
547,33,8,14,2025-12-23,6,4312.17,0,25873.02,UPI,Delivered,2025-12-25
548,54,11,10,2024-03-06,1,42858.29,10,38572.46,Wallet,Shipped,
549,18,7,6,2023-05-20,1,27706.06,0,27706.06,Net Banking,Delivered,2023-05-23
550,26,10,50,2025-12-07,2,30194.95,10,54350.91,Debit Card,Cancelled,
551,46,12,27,2025-07-03,4,11753.96,10,42314.26,Net Banking,Delivered,2025-07-13
552,117,4,35,2025-04-08,6,41420.39,25,186391.76,Credit Card,Delivered,2025-04-10
553,86,2,16,2025-12-07,1,33625.23,25,25218.92,Cash on Delivery,Delivered,2025-12-10
554,10,12,54,2024-05-21,6,2354.83,0,14128.98,Wallet,Cancelled,
555,30,8,3,2025-02-26,3,51395.53,10,138767.93,Debit Card,Delivered,2025-03-01
556,112,1,29,2024-04-09,3,40647.92,15,103652.2,UPI,Processing,
557,55,12,27,2024-02-20,1,11753.96,0,11753.96,Credit Card,Cancelled,
558,2,14,54,2023-09-09,2,2354.83,0,4709.66,Cash on Delivery,Delivered,2023-09-18
559,35,15,9,2024-05-19,6,11434.78,0,68608.68,Debit Card,Delivered,2024-05-26
560,15,7,54,2023-06-19,4,2354.83,25,7064.49,Wallet,Delivered,2023-06-27
561,109,8,25,2023-07-26,4,44138.66,0,176554.64,Debit Card,Delivered,2023-07-28
562,14,7,6,2025-08-16,5,27706.06,25,103897.72,Wallet,Processing,
563,57,3,36,2025-04-18,5,60733.89,20,242935.56,Cash on Delivery,Processing,
564,4,14,58,2023-02-05,6,39586.19,0,237517.14,Credit Card,Delivered,2023-02-14
565,114,7,23,2024-12-23,4,54366.43,0,217465.72,Credit Card,Delivered,2024-12-30
566,91,14,15,2024-11-04,6,38630.0,5,220191.0,Cash on Delivery,Returned,2024-11-11
567,67,12,34,2025-10-22,6,26050.48,0,156302.88,Net Banking,Delivered,2025-10-27
568,45,11,52,2025-08-31,6,35663.87,20,171186.58,Cash on Delivery,Delivered,2025-09-10
569,7,1,2,2023-09-21,6,18777.39,0,112664.34,Net Banking,Delivered,2023-09-30
570,112,3,20,2023-03-15,1,10541.48,25,7906.11,UPI,Delivered,2023-03-22
571,7,9,55,2024-10-12,2,25977.59,20,41564.14,Credit Card,Delivered,2024-10-17
572,59,8,46,2024-05-03,5,28720.74,25,107702.78,Net Banking,Delivered,2024-05-12
573,41,2,17,2025-01-05,4,40076.87,0,160307.48,Credit Card,Delivered,2025-01-13
574,72,9,39,2025-08-13,1,41225.19,0,41225.19,Cash on Delivery,Processing,
575,82,5,30,2023-09-25,5,31859.77,5,151333.91,Net Banking,Shipped,
576,44,6,42,2023-02-18,1,4009.82,5,3809.33,UPI,Cancelled,
577,72,13,10,2024-04-25,5,42858.29,25,160718.59,UPI,Shipped,
578,92,8,10,2024-08-14,1,42858.29,0,42858.29,Debit Card,Processing,
579,1,6,29,2025-04-06,3,40647.92,10,109749.38,Wallet,Delivered,2025-04-13
580,14,1,20,2025-04-29,2,10541.48,25,15812.22,Credit Card,Delivered,2025-05-07
581,33,10,9,2023-06-03,2,11434.78,5,21726.08,Debit Card,Delivered,2023-06-11
582,59,14,16,2025-12-23,2,33625.23,15,57162.89,Credit Card,Delivered,2025-12-31
583,119,11,46,2023-09-14,6,28720.74,0,172324.44,Net Banking,Processing,
584,59,11,32,2025-09-30,5,25348.27,0,126741.35,Cash on Delivery,Returned,2025-10-02
585,95,1,17,2024-09-22,5,40076.87,20,160307.48,Net Banking,Cancelled,
586,119,9,24,2024-09-24,2,9222.15,0,18444.3,Debit Card,Processing,
587,14,7,10,2025-04-25,6,42858.29,15,218577.28,Net Banking,Delivered,2025-05-03
588,78,15,11,2025-06-15,6,18237.23,5,103952.21,UPI,Delivered,2025-06-22
589,58,13,44,2023-09-17,2,23729.79,0,47459.58,UPI,Delivered,2023-09-27
590,108,12,9,2025-08-17,5,11434.78,15,48597.82,Cash on Delivery,Shipped,
591,81,4,56,2025-12-15,2,55231.24,5,104939.36,UPI,Shipped,
592,88,6,1,2024-07-24,6,12922.06,0,77532.36,Cash on Delivery,Returned,2024-07-28
593,70,12,53,2024-03-28,6,15714.98,15,80146.4,UPI,Shipped,
594,72,8,37,2023-10-29,5,24240.02,20,96960.08,Cash on Delivery,Shipped,
595,37,15,13,2024-09-01,4,47761.28,0,191045.12,Net Banking,Delivered,2024-09-03
596,19,1,36,2024-10-09,6,60733.89,0,364403.34,UPI,Delivered,2024-10-13
597,88,5,10,2025-03-16,2,42858.29,0,85716.58,UPI,Shipped,
598,27,13,27,2023-07-11,5,11753.96,0,58769.8,Credit Card,Delivered,2023-07-20
599,79,14,32,2025-01-13,6,25348.27,5,144485.14,Cash on Delivery,Processing,
600,50,4,34,2024-08-31,5,26050.48,10,117227.16,Credit Card,Shipped,
601,119,7,54,2023-02-21,4,2354.83,20,7535.46,Cash on Delivery,Returned,2023-02-28
602,7,1,36,2024-01-13,6,60733.89,10,327963.01,Debit Card,Delivered,2024-01-22
603,117,11,38,2024-12-05,6,180.44,15,920.24,Cash on Delivery,Processing,
604,95,10,30,2024-02-22,2,31859.77,5,60533.56,Wallet,Delivered,2024-02-26
605,10,3,46,2024-07-28,2,28720.74,0,57441.48,UPI,Delivered,2024-08-05
606,72,5,3,2025-02-01,2,51395.53,0,102791.06,Credit Card,Delivered,2025-02-07
607,43,8,51,2024-03-23,6,16457.82,0,98746.92,Cash on Delivery,Delivered,2024-03-30
608,7,13,8,2023-11-25,6,26953.53,10,145549.06,UPI,Delivered,2023-12-05
609,10,13,5,2023-07-21,6,60489.52,15,308496.55,Cash on Delivery,Delivered,2023-07-25
610,9,13,52,2024-08-12,5,35663.87,0,178319.35,Net Banking,Delivered,2024-08-22
611,12,6,34,2023-09-21,2,26050.48,5,49495.91,UPI,Shipped,
612,47,5,60,2023-09-04,2,11299.55,25,16949.32,Credit Card,Returned,2023-09-06
613,86,6,57,2025-07-28,4,20127.11,5,76483.02,Cash on Delivery,Cancelled,
614,118,10,60,2023-06-08,2,11299.55,0,22599.1,UPI,Shipped,
615,49,15,21,2024-05-22,1,23490.42,20,18792.34,Credit Card,Delivered,2024-05-28
616,117,9,27,2023-03-05,3,11753.96,25,26446.41,Wallet,Delivered,2023-03-11
617,25,6,9,2024-03-27,5,11434.78,0,57173.9,Cash on Delivery,Returned,2024-03-31
618,69,1,7,2024-04-01,6,39318.4,0,235910.4,Wallet,Delivered,2024-04-06
619,55,14,34,2024-08-03,1,26050.48,5,24747.96,Wallet,Delivered,2024-08-11
620,105,2,17,2024-03-01,6,40076.87,0,240461.22,Credit Card,Delivered,2024-03-08
621,12,2,53,2023-10-07,1,15714.98,0,15714.98,Cash on Delivery,Processing,
622,10,10,2,2023-12-28,2,18777.39,10,33799.3,Wallet,Delivered,2024-01-06
623,52,7,56,2023-03-28,3,55231.24,0,165693.72,Cash on Delivery,Delivered,2023-03-31
624,1,11,53,2024-05-07,6,15714.98,0,94289.88,Cash on Delivery,Processing,
625,6,12,53,2024-02-11,1,15714.98,15,13357.73,UPI,Returned,2024-02-14
626,101,11,17,2024-08-09,3,40076.87,0,120230.61,Net Banking,Delivered,2024-08-18
627,51,14,12,2025-06-27,6,8359.3,0,50155.8,Debit Card,Delivered,2025-07-07
628,18,12,41,2023-02-26,4,2801.69,10,10086.08,UPI,Returned,2023-03-02
629,87,15,21,2024-02-17,6,23490.42,15,119801.14,Cash on Delivery,Returned,2024-02-19
630,112,9,14,2024-10-24,2,4312.17,0,8624.34,Cash on Delivery,Delivered,2024-11-01
631,71,2,37,2023-02-13,3,24240.02,5,69084.06,Wallet,Processing,
632,45,4,25,2023-03-21,4,44138.66,0,176554.64,Cash on Delivery,Delivered,2023-03-26
633,107,5,31,2025-05-31,2,39924.36,0,79848.72,Cash on Delivery,Delivered,2025-06-02
634,60,11,9,2024-10-05,5,11434.78,0,57173.9,UPI,Delivered,2024-10-08
635,13,4,58,2025-01-05,6,39586.19,25,178137.86,Debit Card,Returned,2025-01-12
636,86,11,37,2023-08-26,2,24240.02,0,48480.04,Debit Card,Delivered,2023-08-29
637,41,8,42,2023-08-17,4,4009.82,15,13633.39,UPI,Shipped,
638,89,10,3,2025-09-20,2,51395.53,15,87372.4,Net Banking,Processing,
639,22,1,34,2023-11-28,3,26050.48,5,74243.87,Wallet,Processing,
640,95,11,36,2025-09-22,4,60733.89,10,218642.0,Debit Card,Cancelled,
641,87,12,35,2023-08-20,3,41420.39,25,93195.88,UPI,Delivered,2023-08-27
642,63,9,55,2023-07-28,1,25977.59,0,25977.59,Credit Card,Shipped,
643,108,5,8,2025-03-22,2,26953.53,5,51211.71,Wallet,Delivered,2025-03-25
644,10,15,32,2025-03-28,1,25348.27,0,25348.27,Cash on Delivery,Processing,
645,52,13,57,2025-04-05,5,20127.11,5,95603.77,Cash on Delivery,Cancelled,
646,34,9,13,2025-09-28,5,47761.28,25,179104.8,Debit Card,Shipped,
647,47,7,9,2025-01-31,2,11434.78,10,20582.6,Cash on Delivery,Delivered,2025-02-10
648,12,7,12,2025-02-09,3,8359.3,0,25077.9,Cash on Delivery,Shipped,
649,88,3,56,2024-03-10,5,55231.24,0,276156.2,Cash on Delivery,Delivered,2024-03-14
650,73,11,10,2023-09-20,2,42858.29,25,64287.44,Debit Card,Returned,2023-09-22
651,98,8,2,2023-12-19,2,18777.39,0,37554.78,Credit Card,Delivered,2023-12-24
652,86,4,32,2023-11-06,5,25348.27,15,107730.15,Credit Card,Delivered,2023-11-15
653,6,11,9,2024-05-25,3,11434.78,0,34304.34,Cash on Delivery,Shipped,
654,82,14,16,2024-12-11,3,33625.23,10,90788.12,Net Banking,Delivered,2024-12-15
655,84,7,37,2023-12-04,3,24240.02,0,72720.06,Debit Card,Delivered,2023-12-12
656,67,7,6,2024-01-29,3,27706.06,15,70650.45,Cash on Delivery,Delivered,2024-02-07
657,1,9,54,2025-08-24,2,2354.83,25,3532.24,Cash on Delivery,Delivered,2025-08-27
658,83,5,22,2024-05-25,2,13593.32,0,27186.64,Cash on Delivery,Delivered,2024-06-01
659,92,14,35,2025-05-29,1,41420.39,5,39349.37,Wallet,Delivered,2025-06-05
660,15,8,3,2025-03-02,6,51395.53,25,231279.88,Wallet,Delivered,2025-03-06
661,107,7,41,2025-04-13,1,2801.69,5,2661.61,Debit Card,Delivered,2025-04-17
662,81,9,44,2023-12-17,1,23729.79,0,23729.79,Debit Card,Delivered,2023-12-23
663,67,7,21,2023-08-11,5,23490.42,0,117452.1,Wallet,Cancelled,
664,85,14,31,2023-12-09,3,39924.36,0,119773.08,Net Banking,Delivered,2023-12-18
665,22,4,8,2023-02-20,4,26953.53,0,107814.12,Debit Card,Processing,
666,80,11,21,2025-08-04,5,23490.42,10,105706.89,Net Banking,Delivered,2025-08-11
667,77,10,2,2025-03-22,1,18777.39,5,17838.52,Credit Card,Delivered,2025-03-26
668,3,4,36,2023-01-18,5,60733.89,20,242935.56,Cash on Delivery,Cancelled,
669,13,3,18,2024-08-28,4,264.97,0,1059.88,Cash on Delivery,Cancelled,
670,65,13,53,2024-10-01,1,15714.98,0,15714.98,Cash on Delivery,Delivered,2024-10-05
671,70,14,26,2025-02-27,1,35042.79,20,28034.23,Credit Card,Delivered,2025-03-06
672,90,9,34,2023-11-20,4,26050.48,5,98991.82,Net Banking,Returned,2023-11-29
673,45,10,17,2023-08-03,6,40076.87,0,240461.22,Net Banking,Delivered,2023-08-09
674,99,4,60,2023-09-09,1,11299.55,10,10169.59,Net Banking,Delivered,2023-09-19
675,33,4,41,2024-09-15,1,2801.69,0,2801.69,Cash on Delivery,Delivered,2024-09-18
676,1,7,13,2023-09-27,6,47761.28,5,272239.3,UPI,Shipped,
677,53,6,18,2024-08-25,1,264.97,0,264.97,UPI,Delivered,2024-08-31
678,110,9,22,2025-10-30,4,13593.32,15,46217.29,Wallet,Shipped,
679,51,13,17,2024-01-05,2,40076.87,20,64122.99,Net Banking,Delivered,2024-01-15
680,23,6,49,2025-04-15,5,15405.38,25,57770.18,Cash on Delivery,Delivered,2025-04-21
681,45,13,19,2024-06-19,6,11216.84,20,53840.83,Wallet,Processing,
682,16,12,19,2025-03-03,2,11216.84,25,16825.26,Debit Card,Processing,
683,13,4,30,2025-03-20,5,31859.77,20,127439.08,Cash on Delivery,Processing,
684,79,12,30,2024-05-19,6,31859.77,0,191158.62,Credit Card,Delivered,2024-05-21
685,106,3,54,2025-03-13,4,2354.83,20,7535.46,Debit Card,Delivered,2025-03-19
686,48,2,40,2024-01-21,5,18877.96,0,94389.8,Net Banking,Processing,
687,79,11,12,2023-06-03,5,8359.3,10,37616.85,Cash on Delivery,Shipped,
688,8,13,1,2024-08-21,2,12922.06,25,19383.09,Wallet,Delivered,2024-08-26
689,120,13,22,2023-07-21,5,13593.32,10,61169.94,Cash on Delivery,Delivered,2023-07-31
690,90,4,14,2025-08-31,5,4312.17,0,21560.85,UPI,Shipped,
691,31,11,43,2025-12-20,1,7504.22,0,7504.22,Net Banking,Delivered,2025-12-26
692,46,11,59,2025-11-14,4,46534.73,20,148911.14,Credit Card,Delivered,2025-11-24
693,95,12,46,2024-07-27,1,28720.74,0,28720.74,Cash on Delivery,Delivered,2024-08-06
694,45,6,9,2025-07-07,3,11434.78,5,32589.12,Debit Card,Shipped,
695,59,15,58,2023-03-23,4,39586.19,0,158344.76,Cash on Delivery,Delivered,2023-03-31
696,14,9,49,2025-06-14,1,15405.38,10,13864.84,Cash on Delivery,Delivered,2025-06-17
697,33,15,4,2023-02-23,5,17926.37,10,80668.66,Net Banking,Shipped,
698,73,8,8,2023-01-07,2,26953.53,15,45821.0,Wallet,Returned,2023-01-16
699,59,15,30,2023-05-31,5,31859.77,0,159298.85,Credit Card,Delivered,2023-06-06
700,49,11,20,2024-11-21,2,10541.48,5,20028.81,Net Banking,Processing,
701,46,9,59,2023-03-16,5,46534.73,0,232673.65,UPI,Shipped,
702,32,5,55,2023-06-15,1,25977.59,20,20782.07,UPI,Shipped,
703,10,9,43,2023-08-28,2,7504.22,25,11256.33,Cash on Delivery,Delivered,2023-09-02
704,35,3,40,2024-05-14,6,18877.96,5,107604.37,Debit Card,Delivered,2024-05-19
705,95,4,59,2023-03-08,3,46534.73,5,132623.98,Cash on Delivery,Delivered,2023-03-13
706,46,3,17,2024-11-29,1,40076.87,0,40076.87,Cash on Delivery,Returned,2024-12-08
707,1,13,6,2025-10-19,5,27706.06,0,138530.3,UPI,Cancelled,
708,80,6,52,2025-09-26,4,35663.87,10,128389.93,UPI,Delivered,2025-10-06
709,51,4,17,2024-12-22,5,40076.87,0,200384.35,Net Banking,Delivered,2024-12-30
710,70,1,41,2023-01-18,5,2801.69,15,11907.18,Net Banking,Delivered,2023-01-22
711,16,12,35,2024-08-05,5,41420.39,25,155326.46,Credit Card,Delivered,2024-08-07
712,87,4,47,2024-03-26,4,34894.66,0,139578.64,Debit Card,Delivered,2024-04-01
713,71,5,1,2023-01-19,2,12922.06,10,23259.71,UPI,Delivered,2023-01-26
714,24,8,44,2025-03-01,4,23729.79,5,90173.2,UPI,Delivered,2025-03-08
715,110,7,1,2024-08-09,3,12922.06,25,29074.64,Cash on Delivery,Delivered,2024-08-13
716,88,4,38,2023-11-10,1,180.44,10,162.4,Cash on Delivery,Processing,
717,56,14,2,2024-07-03,4,18777.39,5,71354.08,Net Banking,Delivered,2024-07-07
718,104,1,38,2025-02-03,2,180.44,20,288.7,Cash on Delivery,Delivered,2025-02-13
719,93,6,19,2024-04-16,4,11216.84,10,40380.62,Net Banking,Delivered,2024-04-18
720,13,12,26,2025-10-25,2,35042.79,0,70085.58,Net Banking,Delivered,2025-10-31
721,108,11,30,2023-07-16,1,31859.77,25,23894.83,UPI,Processing,
722,47,6,11,2025-10-02,5,18237.23,10,82067.54,Credit Card,Delivered,2025-10-10
723,45,14,30,2024-07-28,6,31859.77,5,181600.69,Debit Card,Delivered,2024-08-07
724,100,5,54,2023-09-21,3,2354.83,15,6004.82,Net Banking,Shipped,
725,100,12,13,2024-11-09,4,47761.28,0,191045.12,Net Banking,Delivered,2024-11-15
726,81,3,58,2023-10-04,2,39586.19,15,67296.52,Credit Card,Delivered,2023-10-12
727,11,3,22,2024-01-24,3,13593.32,5,38740.96,Wallet,Delivered,2024-01-30
728,35,10,34,2025-05-20,6,26050.48,20,125042.3,UPI,Delivered,2025-05-29
729,96,10,35,2023-03-28,5,41420.39,25,155326.46,Credit Card,Delivered,2023-04-01
730,17,12,50,2025-11-16,2,30194.95,10,54350.91,Debit Card,Returned,2025-11-19
731,22,7,23,2024-05-17,1,54366.43,0,54366.43,Cash on Delivery,Delivered,2024-05-26
732,7,1,57,2023-09-24,4,20127.11,0,80508.44,Credit Card,Delivered,2023-09-28
733,84,15,24,2025-02-02,4,9222.15,10,33199.74,Net Banking,Delivered,2025-02-08
734,81,3,37,2023-11-25,2,24240.02,0,48480.04,UPI,Delivered,2023-12-02
735,111,8,36,2025-06-25,4,60733.89,10,218642.0,Wallet,Delivered,2025-06-29
736,70,3,41,2023-03-30,5,2801.69,25,10506.34,Wallet,Shipped,
737,113,10,44,2025-12-21,4,23729.79,10,85427.24,Net Banking,Cancelled,
738,70,4,20,2024-12-12,1,10541.48,25,7906.11,UPI,Delivered,2024-12-20
739,20,5,4,2023-02-04,1,17926.37,0,17926.37,UPI,Delivered,2023-02-08
740,37,8,38,2024-03-19,5,180.44,0,902.2,Net Banking,Shipped,
741,97,8,60,2024-02-18,3,11299.55,0,33898.65,UPI,Processing,
742,77,4,16,2024-06-05,1,33625.23,15,28581.45,Net Banking,Delivered,2024-06-15
743,51,4,26,2024-11-28,2,35042.79,20,56068.46,Debit Card,Cancelled,
744,34,2,43,2025-02-08,4,7504.22,5,28516.04,UPI,Delivered,2025-02-14
745,84,12,43,2023-04-01,5,7504.22,10,33768.99,Debit Card,Delivered,2023-04-04
746,18,5,34,2025-07-14,1,26050.48,25,19537.86,UPI,Shipped,
747,90,10,51,2024-12-07,4,16457.82,5,62539.72,Credit Card,Delivered,2024-12-11
748,69,1,56,2023-12-29,2,55231.24,0,110462.48,Wallet,Delivered,2024-01-02
749,57,12,60,2025-12-06,1,11299.55,5,10734.57,Net Banking,Delivered,2025-12-08
750,28,6,53,2025-12-02,4,15714.98,10,56573.93,Net Banking,Processing,
751,48,8,54,2025-09-06,6,2354.83,0,14128.98,Credit Card,Delivered,2025-09-10
752,35,13,27,2025-10-03,4,11753.96,0,47015.84,Debit Card,Delivered,2025-10-07
753,115,14,5,2023-09-09,3,60489.52,20,145174.85,Credit Card,Cancelled,
754,99,12,41,2025-09-13,2,2801.69,20,4482.7,Net Banking,Processing,
755,32,12,27,2025-01-28,1,11753.96,5,11166.26,Cash on Delivery,Delivered,2025-01-31
756,86,4,43,2024-09-12,4,7504.22,20,24013.5,UPI,Shipped,
757,120,6,30,2023-10-24,2,31859.77,0,63719.54,Cash on Delivery,Processing,
758,67,2,31,2025-10-08,3,39924.36,25,89829.81,Debit Card,Shipped,
759,47,15,2,2025-01-19,1,18777.39,5,17838.52,Wallet,Returned,2025-01-24
760,56,6,11,2023-11-04,1,18237.23,0,18237.23,Cash on Delivery,Processing,
761,16,7,6,2024-08-17,2,27706.06,0,55412.12,Wallet,Returned,2024-08-26
762,77,3,13,2024-12-21,3,47761.28,0,143283.84,Credit Card,Delivered,2024-12-30
763,88,10,29,2023-07-16,3,40647.92,0,121943.76,Wallet,Delivered,2023-07-20
764,69,13,5,2025-07-20,1,60489.52,0,60489.52,Cash on Delivery,Delivered,2025-07-27
765,101,11,27,2023-01-18,3,11753.96,25,26446.41,Credit Card,Processing,
766,89,7,14,2023-08-15,3,4312.17,0,12936.51,Net Banking,Delivered,2023-08-17
767,91,8,35,2023-06-07,5,41420.39,10,186391.76,Debit Card,Delivered,2023-06-16
768,73,3,57,2025-06-17,5,20127.11,15,85540.22,UPI,Delivered,2025-06-26
769,112,14,7,2025-06-17,5,39318.4,0,196592.0,Net Banking,Delivered,2025-06-21
770,38,14,25,2025-10-14,3,44138.66,15,112553.58,Net Banking,Delivered,2025-10-24
771,94,3,2,2023-11-24,1,18777.39,15,15960.78,Debit Card,Processing,
772,42,12,52,2024-09-09,1,35663.87,20,28531.1,Cash on Delivery,Delivered,2024-09-18
773,20,10,33,2024-09-12,3,44012.39,15,112231.59,Credit Card,Delivered,2024-09-19
774,13,9,49,2025-07-19,6,15405.38,0,92432.28,Debit Card,Delivered,2025-07-23
775,112,1,3,2025-01-11,2,51395.53,0,102791.06,Credit Card,Delivered,2025-01-14
776,74,11,35,2024-08-14,4,41420.39,25,124261.17,Credit Card,Delivered,2024-08-20
777,47,4,24,2024-02-25,5,9222.15,0,46110.75,Wallet,Delivered,2024-03-01
778,63,15,27,2025-03-21,1,11753.96,25,8815.47,Credit Card,Processing,
779,47,9,57,2025-05-15,6,20127.11,20,96610.13,Wallet,Cancelled,
780,8,14,24,2025-01-24,5,9222.15,10,41499.68,UPI,Delivered,2025-01-27
781,10,4,7,2023-03-27,5,39318.4,0,196592.0,Cash on Delivery,Delivered,2023-04-01
782,50,4,31,2025-03-27,2,39924.36,5,75856.28,Cash on Delivery,Delivered,2025-03-31
783,96,9,42,2024-01-14,4,4009.82,0,16039.28,Cash on Delivery,Processing,
784,46,11,40,2023-04-17,4,18877.96,20,60409.47,Debit Card,Cancelled,
785,102,3,27,2023-09-12,5,11753.96,20,47015.84,Cash on Delivery,Delivered,2023-09-16
786,77,8,22,2023-03-25,3,13593.32,15,34662.97,UPI,Delivered,2023-04-01
787,53,13,2,2024-10-24,6,18777.39,20,90131.47,UPI,Cancelled,
788,78,4,43,2024-11-03,5,7504.22,5,35645.04,Wallet,Delivered,2024-11-13
789,33,6,16,2024-10-14,4,33625.23,25,100875.69,Wallet,Returned,2024-10-16
790,5,5,23,2025-11-26,5,54366.43,0,271832.15,Credit Card,Delivered,2025-12-02
791,39,4,43,2023-12-24,2,7504.22,15,12757.17,Cash on Delivery,Delivered,2023-12-30
792,66,9,14,2024-11-25,5,4312.17,0,21560.85,UPI,Delivered,2024-12-04
793,20,3,44,2025-05-07,3,23729.79,15,60510.96,Debit Card,Cancelled,
794,30,5,9,2024-05-08,3,11434.78,0,34304.34,Wallet,Delivered,2024-05-13
795,10,12,54,2023-09-07,3,2354.83,25,5298.37,Cash on Delivery,Delivered,2023-09-10
796,83,5,41,2024-08-28,1,2801.69,20,2241.35,UPI,Delivered,2024-08-30
797,45,15,39,2024-02-16,4,41225.19,20,131920.61,Debit Card,Returned,2024-02-19
798,96,11,57,2023-07-23,5,20127.11,0,100635.55,Wallet,Shipped,
799,49,1,42,2024-10-03,3,4009.82,0,12029.46,UPI,Delivered,2024-10-07
800,65,12,50,2024-02-21,2,30194.95,0,60389.9,Net Banking,Delivered,2024-02-29
